Tijdstempel,r/math,r/learnmath,r/programming,r/learnprogramming,r/aww,r/NatureIsFuckingLit,r/EarthPorn,r/AskReddit,r/LifeProTips,r/ProgrammerHumor,r/Tinder,r/wallstreetbets,r/wholesomememes,r/me_irl,r/IdiotsInCars,r/CozyPlaces,r/oddlysatisfying,r/explainlikeimfive,r/dankmemes,r/todayilearned
17-10-2020 17:39:09,Don't know,Don't know,2,Don't know,1,Don't know,1,3,2,2,Don't know,1,2,Don't know,Don't know,Don't know,Don't know,3,3,3
17-10-2020 17:39:45,Don't know,Don't know,2,Don't know,2,3,1,1,1,2,1,2,1,1,3,Don't know,2,2,1,1
17-10-2020 17:40:48,Don't know,2,Don't know,Don't know,3,3,3,1,1,Don't know,3,Don't know,3,3,3,Don't know,3,3,3,3
17-10-2020 17:46:00,1,1,1,1,3,3,3,1,2,2,3,Don't know,3,2,3,Don't know,3,3,3,3
17-10-2020 17:51:51,1,Don't know,Don't know,Don't know,3,2,2,2,1,Don't know,2,Don't know,1,1,2,3,2,3,3,3
17-10-2020 17:51:53,3,1,3,1,3,3,2,2,1,2,1,3,2,Don't know,3,3,2,Don't know,Don't know,Don't know
17-10-2020 18:08:21,Don't know,Don't know,Don't know,Don't know,Don't know,Don't know,1,3,3,2,2,1,1,Don't know,1,Don't know,1,1,3,1
17-10-2020 19:55:59,Don't know,Don't know,2,Don't know,2,Don't know,Don't know,1,Don't know,2,Don't know,Don't know,2,1,Don't know,Don't know,Don't know,Don't know,Don't know,Don't know
17-10-2020 21:27:32,3,2,Don't know,Don't know,Don't know,Don't know,Don't know,2,1,Don't know,2,Don't know,Don't know,Don't know,Don't know,Don't know,Don't know,Don't know,Don't know,2
17-10-2020 21:39:46,Don't know,Don't know,2,2,1,2,1,1,3,2,3,2,3,2,2,1,3,Don't know,3,Don't know
18-10-2020 12:47:46,1,1,3,3,2,3,3,3,2,2,3,2,2,2,3,1,3,2,3,2
18-10-2020 18:09:02,2,3,Don't know,Don't know,1,1,Don't know,2,1,Don't know,Don't know,1,Don't know,1,Don't know,2,3,Don't know,Don't know,2
19-10-2020 8:47:22,1,Don't know,2,Don't know,1,2,3,Don't know,Don't know,2,1,3,1,2,3,Don't know,Don't know,2,1,3
19-10-2020 8:52:25,Don't know,2,2,Don't know,Don't know,3,1,2,Don't know,Don't know,1,Don't know,3,1,Don't know,2,3,1,1,3
19-10-2020 8:54:21,3,2,3,2,Don't know,Don't know,Don't know,3,1,3,2,3,Don't know,1,3,Don't know,Don't know,Don't know,2,3
19-10-2020 8:57:40,Don't know,Don't know,2,Don't know,Don't know,Don't know,2,2,Don't know,2,1,3,3,Don't know,2,Don't know,3,1,3,Don't know
19-10-2020 9:08:47,Don't know,Don't know,Don't know,Don't know,3,3,3,2,Don't know,Don't know,2,Don't know,2,1,Don't know,3,3,Don't know,Don't know,3
19-10-2020 9:14:09,3,3,Don't know,Don't know,3,Don't know,Don't know,3,2,Don't know,Don't know,Don't know,Don't know,1,Don't know,Don't know,Don't know,Don't know,3,3
19-10-2020 9:16:11,2,3,1,3,2,1,2,3,Don't know,3,2,1,Don't know,3,1,2,2,2,2,2
19-10-2020 9:26:58,Don't know,Don't know,3,3,3,3,2,Don't know,Don't know,3,Don't know,Don't know,2,1,3,3,3,2,1,3